query,value,searchitem
admiral animal crossing new horizons,202400.0,Admiral Animal Crossing
,,Agent S Animal Crossing
animal crossing new horizons agnes,451600.0,Agnes Animal Crossing
agnes house animal crossing,236800.0,Agnes Animal Crossing
agnes personality animal crossing,118000.0,Agnes Animal Crossing
animal crossing new horizons,824550.0,Al Animal Crossing
al animal crossing new horizons,791450.0,Al Animal Crossing
al gorilla animal crossing,86800.0,Al Animal Crossing
,,Alfonso Animal Crossing
alice animal crossing new horizons,672800.0,Alice Animal Crossing
alice in wonderland,567050.0,Alice Animal Crossing
,,Alli Animal Crossing
amelia animal crossing new horizons,322750.0,Amelia Animal Crossing
,,Anabelle Animal Crossing
anchovy animal crossing new horizons,640700.0,Anchovy Animal Crossing
,,Angus Animal Crossing
,,Anicotti Animal Crossing
animal crossing video,740050.0,Ankha Animal Crossing
ankha animal crossing video,651750.0,Ankha Animal Crossing
ankha zone,458650.0,Ankha Animal Crossing
ankha animal crossing twitter,401950.0,Ankha Animal Crossing
ankha zone animal crossing,383450.0,Ankha Animal Crossing
ankha animal crossing video twitter,288550.0,Ankha Animal Crossing
animal crossing egyptian cat,261050.0,Ankha Animal Crossing
ankha animal crossing meme,168450.0,Ankha Animal Crossing
ankha animal crossing house,148000.0,Ankha Animal Crossing
animal crossing lucky,97550.0,Ankha Animal Crossing
how old is ankha animal crossing,96600.0,Ankha Animal Crossing
anka,91550.0,Ankha Animal Crossing
ankha animal crossing tiktok,85100.0,Ankha Animal Crossing
animal crossing ankha tiktok,76450.0,Ankha Animal Crossing
ankah,48600.0,Ankha Animal Crossing
zucker animal crossing,34850.0,Ankha Animal Crossing
camel by camel,34650.0,Ankha Animal Crossing
how old is ankha from animal crossing,27750.0,Ankha Animal Crossing
lolly animal crossing,27700.0,Ankha Animal Crossing
ankha animal crossing age,13700.0,Ankha Animal Crossing
ankha animal crossing new horizons,250.0,Ankha Animal Crossing
animal crossing new horizons,250.0,Ankha Animal Crossing
animal crossing cat,70.0,Ankha Animal Crossing
annalisa animal crossing new horizons,499500.0,Annalisa Animal Crossing
animal crossing new horizons,417550.0,Annalisa Animal Crossing
annalise animal crossing,250250.0,Annalisa Animal Crossing
,,Annalise Animal Crossing
animal crossing new horizons antonio,560300.0,Antonio Animal Crossing
apollo acnh,284350.0,Apollo Animal Crossing
raymond animal crossing,125000.0,Apollo Animal Crossing
apollo animal crossing new horizons,110.0,Apollo Animal Crossing
animal crossing new horizons,90.0,Apollo Animal Crossing
apple animal crossing new horizons,550.0,Apple Animal Crossing
animal crossing new horizons,500.0,Apple Animal Crossing
animal crossing apple villager,180.0,Apple Animal Crossing
animal crossing apple design,80.0,Apple Animal Crossing
astrid animal crossing new horizons,287700.0,Astrid Animal Crossing
animal crossing new horizons,739150.0,Audie Animal Crossing
audie animal crossing new horizons,703250.0,Audie Animal Crossing
audie acnh,272450.0,Audie Animal Crossing
freya animal crossing,83750.0,Audie Animal Crossing
audie personality animal crossing,83300.0,Audie Animal Crossing
animal crossing new horizons,469600.0,Aurora Animal Crossing
aurora animal crossing new horizons,429250.0,Aurora Animal Crossing
aurora acnh,203200.0,Aurora Animal Crossing
animal crossing new horizons aurora borealis,101250.0,Aurora Animal Crossing
ava animal crossing new horizons,587350.0,Ava Animal Crossing
keaton animal crossing,104450.0,Avery Animal Crossing
axel animal crossing new horizons,659300.0,Axel Animal Crossing
,,Baabara Animal Crossing
bam animal crossing new horizons,649950.0,Bam Animal Crossing
bam from animal crossing,25950.0,Bam Animal Crossing
bangle animal crossing new horizons,541200.0,Bangle Animal Crossing
barold animal crossing new horizons,507750.0,Barold Animal Crossing
animal crossing villagers,345600.0,Barold Animal Crossing
barold animal crossing house,239100.0,Barold Animal Crossing
beardo animal crossing,79750.0,Barold Animal Crossing
,,Bea Animal Crossing
,,Beardo Animal Crossing
beau animal crossing new horizons,565550.0,Beau Animal Crossing
beau acnh,261250.0,Beau Animal Crossing
beau house animal crossing,261000.0,Beau Animal Crossing
erik animal crossing,129200.0,Beau Animal Crossing
,,Becky Animal Crossing
animal crossing new horizons bella,862200.0,Bella Animal Crossing
animal crossing new horizons,766050.0,Bella Animal Crossing
benedict animal crossing new horizons,578750.0,Benedict Animal Crossing
,,Benjamin Animal Crossing
bertha animal crossing new horizons,528250.0,Bertha Animal Crossing
,,Bettina Animal Crossing
bianca animal crossing new horizons,337950.0,Bianca Animal Crossing
bianca house animal crossing,63100.0,Bianca Animal Crossing
bianca personality animal crossing,41900.0,Bianca Animal Crossing
,,Biff Animal Crossing
,,Big Top Animal Crossing
bill wibbly animal crossing,244350.0,Bill Animal Crossing
animal crossing new horizons,120.0,Bill Animal Crossing
bill animal crossing new horizons,110.0,Bill Animal Crossing
billy animal crossing new horizons,816800.0,Billy Animal Crossing
billy animal crossing house,244950.0,Billy Animal Crossing
,,Biskit Animal Crossing
animal crossing new horizons bitty,604350.0,Bitty Animal Crossing
blaire animal crossing new horizons,410450.0,Blaire Animal Crossing
blanche animal crossing new horizons,697300.0,Blanche Animal Crossing
blue bear,50950.0,Bluebear Animal Crossing
bluebear animal crossing new horizons,70.0,Bluebear Animal Crossing
raymond animal crossing,248950.0,Bob Animal Crossing
raymond,218750.0,Bob Animal Crossing
bob the cat animal crossing,162850.0,Bob Animal Crossing
marshal animal crossing,145300.0,Bob Animal Crossing
bob the cat,133600.0,Bob Animal Crossing
bob animal crossing house,112500.0,Bob Animal Crossing
bob ross,51650.0,Bob Animal Crossing
judy animal crossing,51200.0,Bob Animal Crossing
animal crossing bob plush,40900.0,Bob Animal Crossing
animal crossing amiibo cards,40400.0,Bob Animal Crossing
animal crossing new horizons,800.0,Bob Animal Crossing
bob animal crossing new horizons,350.0,Bob Animal Crossing
animal crossing bob amiibo card,250.0,Bob Animal Crossing
bob from animal crossing,90.0,Bob Animal Crossing
animal crossing bob amiibo,80.0,Bob Animal Crossing
bonbon animal crossing new horizons,523350.0,Bonbon Animal Crossing
,,Bones Animal Crossing
boomer animal crossing new horizons,498750.0,Boomer Animal Crossing
boone animal crossing new horizons,450650.0,Boone Animal Crossing
boots animal crossing new horizons,706200.0,Boots Animal Crossing
boris johnson,699050.0,Boris Animal Crossing
,,Boyd Animal Crossing
bree animal crossing new horizons,420850.0,Bree Animal Crossing
,,Broccolo Animal Crossing
,,Broffina Animal Crossing
bruce animal crossing new horizons,818000.0,Bruce Animal Crossing
animal crossing bubbles in water,605200.0,Bubbles Animal Crossing
bubbles animal crossing new horizons,507250.0,Bubbles Animal Crossing
bubbles in ocean animal crossing,451150.0,Bubbles Animal Crossing
animal crossing new horizons,433300.0,Bubbles Animal Crossing
bubbles in sea animal crossing,263250.0,Bubbles Animal Crossing
what are the bubbles in the ocean animal crossing,150400.0,Bubbles Animal Crossing
bubbles in the water animal crossing,149400.0,Bubbles Animal Crossing
what are the bubbles in the ocean in animal crossing,93700.0,Bubbles Animal Crossing
animal crossing new horizons bubbles in ocean,75000.0,Bubbles Animal Crossing
bubbles coming out of water animal crossing,18750.0,Bubbles Animal Crossing
,,Buck Animal Crossing
,,Bud Animal Crossing
bunnie animal crossing new horizons,330100.0,Bunnie Animal Crossing
butch animal crossing new horizons,371450.0,Butch Animal Crossing
,,Buzz Animal Crossing
,,Cally Animal Crossing
,,Camofrog Animal Crossing
canberra animal crossing new horizons,356450.0,Canberra Animal Crossing
candi animal crossing new horizons,595150.0,Candi Animal Crossing
,,Carmen Animal Crossing
,,Caroline Animal Crossing
carrie animal crossing new horizons,398000.0,Carrie Animal Crossing
,,Cashmere Animal Crossing
celia animal crossing new horizons,837650.0,Celia Animal Crossing
,,Cesar Animal Crossing
chadder animal crossing new horizons,347600.0,Chadder Animal Crossing
,,Charlise Animal Crossing
cheri animal crossing new horizons,329350.0,Cheri Animal Crossing
animal crossing cherry blossom recipes,681600.0,Cherry Animal Crossing
animal crossing new horizons cherry blossom,563700.0,Cherry Animal Crossing
cherry blossom animal crossing new horizons,555950.0,Cherry Animal Crossing
animal crossing cherry tree,318600.0,Cherry Animal Crossing
cherry blossom diy animal crossing,242450.0,Cherry Animal Crossing
cherry blossom trees animal crossing,224900.0,Cherry Animal Crossing
animal crossing new horizons cherry blossoms,216500.0,Cherry Animal Crossing
animal crossing cherry blossom tree,195550.0,Cherry Animal Crossing
cherry blossom tree,179250.0,Cherry Animal Crossing
animal crossing new horizons cherry blossom recipes,158400.0,Cherry Animal Crossing
how to get cherry trees animal crossing,155350.0,Cherry Animal Crossing
animal crossing cherry blossom event,148150.0,Cherry Animal Crossing
how to get cherry blossom trees animal crossing,122400.0,Cherry Animal Crossing
cherry blossom petals animal crossing,112600.0,Cherry Animal Crossing
how to get cherry blossoms animal crossing,107100.0,Cherry Animal Crossing
how to get cherry blossom recipes,106350.0,Cherry Animal Crossing
cherry blossom items animal crossing,95300.0,Cherry Animal Crossing
animal crossing new horizons cherry salmon,93000.0,Cherry Animal Crossing
how to get cherry blossom recipes animal crossing,92450.0,Cherry Animal Crossing
cherry blossom bonsai,87350.0,Cherry Animal Crossing
cherry blossom bonsai animal crossing,80750.0,Cherry Animal Crossing
cherry house animal crossing,79850.0,Cherry Animal Crossing
all cherry blossom recipes animal crossing,69000.0,Cherry Animal Crossing
how to get cherry blossoms in animal crossing,67300.0,Cherry Animal Crossing
bunny day recipes,61050.0,Cherry Animal Crossing
,,Chester Animal Crossing
chevre animal crossing new horizons,445800.0,Chevre Animal Crossing
chief animal crossing new horizons,467600.0,Chief Animal Crossing
,,Chops Animal Crossing
,,Chow Animal Crossing
chrissy animal crossing new horizons,401050.0,Chrissy Animal Crossing
,,Claude Animal Crossing
claudia animal crossing new horizons,384650.0,Claudia Animal Crossing
animal crossing how to get clay,973900.0,Clay Animal Crossing
clay animal crossing new horizons,844450.0,Clay Animal Crossing
how to get clay in animal crossing,631450.0,Clay Animal Crossing
animal crossing clay villager,225700.0,Clay Animal Crossing
animal crossing new horizons how to get clay,146200.0,Clay Animal Crossing
where to get clay animal crossing,135050.0,Clay Animal Crossing
clay furnace animal crossing,112400.0,Clay Animal Crossing
how to get clay in animal crossing new horizons,111300.0,Clay Animal Crossing
how do you get clay in animal crossing,77800.0,Clay Animal Crossing
how to get more clay in animal crossing,66900.0,Clay Animal Crossing
what is clay used for in animal crossing,55900.0,Clay Animal Crossing
how to get clay on animal crossing,55800.0,Clay Animal Crossing
how to find clay in animal crossing,44450.0,Clay Animal Crossing
can you buy clay in animal crossing,22150.0,Clay Animal Crossing
cleo animal crossing new horizons,380200.0,Cleo Animal Crossing
,,Clyde Animal Crossing
,,Coach Animal Crossing
,,Cobb Animal Crossing
coco animal crossing new horizons,584700.0,Coco Animal Crossing
animal crossing new horizons,565200.0,Coco Animal Crossing
coco animal crossing amiibo,220200.0,Coco Animal Crossing
coco animal crossing house,200400.0,Coco Animal Crossing
coco acnh,169000.0,Coco Animal Crossing
stitches animal crossing,119500.0,Coco Animal Crossing
lucky animal crossing,109650.0,Coco Animal Crossing
ankha animal crossing,109200.0,Coco Animal Crossing
raymond animal crossing,80100.0,Coco Animal Crossing
coco amiibo card,70050.0,Coco Animal Crossing
ketchup animal crossing,49250.0,Coco Animal Crossing
cole animal crossing new horizons,554700.0,Cole Animal Crossing
colton animal crossing new horizons,341550.0,Colton Animal Crossing
animal crossing new horizons cookie,649100.0,Cookie Animal Crossing
animal crossing new horizons,519000.0,Cookie Animal Crossing
animal crossing cookie cutters,43950.0,Cookie Animal Crossing
cookie swirl c,14600.0,Cookie Animal Crossing
,,Cousteau Animal Crossing
cranston animal crossing new horizons,389550.0,Cranston Animal Crossing
,,Croque Animal Crossing
animal crossing new horizons cube,350450.0,Cube Animal Crossing
curlos animal crossing new horizons,338050.0,Curlos Animal Crossing
curly island animal crossing,408150.0,Curly Animal Crossing
,,Curt Animal Crossing
cyd animal crossing new horizons,312800.0,Cyd Animal Crossing
,,Cyrano Animal Crossing
animal crossing turnips,649600.0,Daisy Animal Crossing
animal crossing daisy mae time,480700.0,Daisy Animal Crossing
animal crossing new horizons daisy mae time,162100.0,Daisy Animal Crossing
animal crossing new horizons turnips,150650.0,Daisy Animal Crossing
when does daisy mae leave,57950.0,Daisy Animal Crossing
turnip exchange,22800.0,Daisy Animal Crossing
daisy mae animal crossing new horizons,250.0,Daisy Animal Crossing
animal crossing daisy mae,160.0,Daisy Animal Crossing
daisy mae,160.0,Daisy Animal Crossing
daisy animal crossing new horizons,150.0,Daisy Animal Crossing
animal crossing new horizons,50.0,Daisy Animal Crossing
,,Deena Animal Crossing
deirdre animal crossing new horizons,403600.0,Deirdre Animal Crossing
deidre,57500.0,Deirdre Animal Crossing
dierdre,28700.0,Deirdre Animal Crossing
dia del pavo animal crossing new horizons,105150.0,Del Animal Crossing
buey del pacifico animal crossing,13100.0,Del Animal Crossing
animal crossing new horizons,140.0,Del Animal Crossing
del animal crossing new horizons,100.0,Del Animal Crossing
,,Deli Animal Crossing
,,Derwin Animal Crossing
diana animal crossing new horizons,837100.0,Diana Animal Crossing
diana house animal crossing,246300.0,Diana Animal Crossing
diana acnh,169350.0,Diana Animal Crossing
fauna animal crossing,137800.0,Diana Animal Crossing
marina animal crossing,123500.0,Diana Animal Crossing
lucky animal crossing,91800.0,Diana Animal Crossing
beau animal crossing,61550.0,Diana Animal Crossing
,,Diva Animal Crossing
dizzy animal crossing new horizons,426350.0,Dizzy Animal Crossing
dobie animal crossing new horizons,254750.0,Dobie Animal Crossing
doc animal crossing new horizons,619200.0,Doc Animal Crossing
dom animal crossing new horizons,550100.0,Dom Animal Crossing
animal crossing new horizons,463950.0,Dom Animal Crossing
animal crossing dom villager,185900.0,Dom Animal Crossing
dom animal crossing house,174750.0,Dom Animal Crossing
dom from animal crossing,87200.0,Dom Animal Crossing
pietro animal crossing,24800.0,Dom Animal Crossing
dora animal crossing new horizons,581650.0,Dora Animal Crossing
,,Dotty Animal Crossing
animal crossing new horizons drago,592100.0,Drago Animal Crossing
,,Drake Animal Crossing
,,Drift Animal Crossing
,,Ed Animal Crossing
egbert animal crossing new horizons,470300.0,Egbert Animal Crossing
,,Elise Animal Crossing
ellie animal crossing house,138000.0,Ellie Animal Crossing
elmer animal crossing new horizons,474250.0,Elmer Animal Crossing
eloise animal crossing new horizons,486250.0,Eloise Animal Crossing
elvis animal crossing new horizons,568200.0,Elvis Animal Crossing
erik animal crossing new horizons,653750.0,Erik Animal Crossing
erik house animal crossing,176450.0,Erik Animal Crossing
erik acnh,157000.0,Erik Animal Crossing
animal crossing new horizons eugene,672200.0,Eugene Animal Crossing
,,Eunice Animal Crossing
animal crossing new horizons,475750.0,Fang Animal Crossing
fang animal crossing new horizons,437150.0,Fang Animal Crossing
fang house animal crossing,265450.0,Fang Animal Crossing
fauna animal crossing new horizons,552900.0,Fauna Animal Crossing
dom animal crossing,28950.0,Fauna Animal Crossing
,,Felicity Animal Crossing
filbert animal crossing new horizons,242800.0,Filbert Animal Crossing
flip animal crossing new horizons,691350.0,Flip Animal Crossing
flip a coin,172000.0,Flip Animal Crossing
flo animal crossing new horizons,585400.0,Flo Animal Crossing
,,Flora Animal Crossing
animal crossing new horizons flurry,710900.0,Flurry Animal Crossing
animal crossing chrissy and francine,615300.0,Francine Animal Crossing
,,Frank Animal Crossing
animal crossing new horizons freckles,593500.0,Freckles Animal Crossing
animal crossing freckles design,139000.0,Freckles Animal Crossing
,,Freya Animal Crossing
animal crossing new horizons friga,432300.0,Friga Animal Crossing
frita animal crossing new horizons,699250.0,Frita Animal Crossing
,,Frobert Animal Crossing
fuchsia animal crossing new horizons,421850.0,Fuchsia Animal Crossing
fuschia,183850.0,Fuchsia Animal Crossing
fuchsia animal crossing house,105200.0,Fuchsia Animal Crossing
fuchsia animal crossing ranking,79200.0,Fuchsia Animal Crossing
,,Gabi Animal Crossing
gala animal crossing new horizons,468300.0,Gala Animal Crossing
gaston animal crossing new horizons,351150.0,Gaston Animal Crossing
gayle animal crossing new horizons,468350.0,Gayle Animal Crossing
genji animal crossing new horizons,289450.0,Genji Animal Crossing
genji animal crossing house,154850.0,Genji Animal Crossing
,,Gigi Animal Crossing
gladys animal crossing new horizons,583950.0,Gladys Animal Crossing
gloria animal crossing new horizons,1210150.0,Gloria Animal Crossing
animal crossing new horizons,300.0,Goldie Animal Crossing
goldie animal crossing new horizons,300.0,Goldie Animal Crossing
gonzo animal crossing new horizons,1478950.0,Gonzo Animal Crossing
,,Goose Animal Crossing
animal crossing new horizons graham,642500.0,Graham Animal Crossing
,,Greta Animal Crossing
grizzly animal crossing new horizons,425050.0,Grizzly Animal Crossing
,,Groucho Animal Crossing
,,Gruff Animal Crossing
gwen animal crossing new horizons,675800.0,Gwen Animal Crossing
hamlet acnh,350300.0,Hamlet Animal Crossing
animal crossing new horizons hamlet,319550.0,Hamlet Animal Crossing
hamphrey animal crossing new horizons,538250.0,Hamphrey Animal Crossing
hans animal crossing new horizons,450300.0,Hans Animal Crossing
harry styles,320650.0,Harry Animal Crossing
harry potter tune animal crossing,281550.0,Harry Animal Crossing
harry styles animal crossing tune,50950.0,Harry Animal Crossing
animal crossing new horizons,300.0,Harry Animal Crossing
harry potter animal crossing new horizons,250.0,Harry Animal Crossing
harry styles animal crossing,40.0,Harry Animal Crossing
animal crossing new horizons hazel,584150.0,Hazel Animal Crossing
hazel from animal crossing,87300.0,Hazel Animal Crossing
animal crossing new horizons,473550.0,Henry Animal Crossing
henry animal crossing new horizons,472550.0,Henry Animal Crossing
,,Hippeux Animal Crossing
hopkins animal crossing new horizons,321900.0,Hopkins Animal Crossing
hopper animal crossing new horizons,514950.0,Hopper Animal Crossing
hornsby animal crossing new horizons,426750.0,Hornsby Animal Crossing
huck animal crossing new horizons,456150.0,Huck Animal Crossing
,,Hugh Animal Crossing
,,Iggly Animal Crossing
,,Ike Animal Crossing
jacob animal crossing new horizons,613750.0,Jacob Animal Crossing
jacques animal crossing new horizons,621950.0,Jacques Animal Crossing
,,Jambette Animal Crossing
,,Jay Animal Crossing
jeremiah animal crossing new horizons,223150.0,Jeremiah Animal Crossing
,,Jitters Animal Crossing
animal crossing new horizons joey,573600.0,Joey Animal Crossing
judy animal crossing new horizons,624400.0,Judy Animal Crossing
animal crossing new horizons,607250.0,Judy Animal Crossing
animal crossing judy amiibo,342700.0,Judy Animal Crossing
judy acnh,281100.0,Judy Animal Crossing
raymond animal crossing,274500.0,Judy Animal Crossing
marshal animal crossing,185450.0,Judy Animal Crossing
audie animal crossing,136700.0,Judy Animal Crossing
judy animal crossing house,126700.0,Judy Animal Crossing
judy from animal crossing,107450.0,Judy Animal Crossing
stitches animal crossing,88050.0,Judy Animal Crossing
judy personality animal crossing,86850.0,Judy Animal Crossing
animal crossing characters,68000.0,Judy Animal Crossing
julia animal crossing new horizons,739750.0,Julia Animal Crossing
julian animal crossing new horizons,716100.0,Julian Animal Crossing
julian amiibo card,219550.0,Julian Animal Crossing
julian house animal crossing,157800.0,Julian Animal Crossing
julian personality animal crossing,94600.0,Julian Animal Crossing
animal crossing villagers,180.0,Julian Animal Crossing
animal crossing fish june,2003600.0,June Animal Crossing
animal crossing new horizons june,1177550.0,June Animal Crossing
animal crossing new horizons,1115250.0,June Animal Crossing
new animal crossing fish june,1003000.0,June Animal Crossing
animal crossing june bugs and fish,724650.0,June Animal Crossing
june fish animal crossing new horizons,651000.0,June Animal Crossing
animal crossing fish in june,467000.0,June Animal Crossing
june bugs animal crossing new horizons,410900.0,June Animal Crossing
new fish in june animal crossing,309050.0,June Animal Crossing
animal crossing new horizons june bugs and fish,220300.0,June Animal Crossing
animal crossing june update,161850.0,June Animal Crossing
animal crossing fish guide,71850.0,June Animal Crossing
animal crossing june sea creatures,63650.0,June Animal Crossing
animal crossing update june 2021,44800.0,June Animal Crossing
animal crossing new horizons june update,27300.0,June Animal Crossing
animal crossing june wedding event,18000.0,June Animal Crossing
animal crossing fish prices,17900.0,June Animal Crossing
june bugs animal crossing,350.0,June Animal Crossing
animal crossing june bugs,350.0,June Animal Crossing
kabuki animal crossing new horizons,591500.0,Kabuki Animal Crossing
kabuki house animal crossing,177000.0,Kabuki Animal Crossing
animal crossing new horizons katt,549450.0,Katt Animal Crossing
,,Keaton Animal Crossing
ken animal crossing new horizons,600700.0,Ken Animal Crossing
animal crossing villagers,472700.0,Ketchup Animal Crossing
animal crossing ketchup amiibo,268500.0,Ketchup Animal Crossing
marina animal crossing,62900.0,Ketchup Animal Crossing
ketchup animal crossing new horizons,130.0,Ketchup Animal Crossing
,,Kevin Animal Crossing
,,Kid Cat Animal Crossing
animal crossing new horizons kidd,542750.0,Kidd Animal Crossing
animal crossing new horizons,70.0,Kiki Animal Crossing
kiki animal crossing new horizons,50.0,Kiki Animal Crossing
,,Kitt Animal Crossing
animal crossing amiibo cards,314450.0,Kitty Animal Crossing
kitty animal crossing new horizons,120.0,Kitty Animal Crossing
animal crossing new horizons klaus,749400.0,Klaus Animal Crossing
knox animal crossing new horizons,416850.0,Knox Animal Crossing
kody animal crossing new horizons,465500.0,Kody Animal Crossing
kyle animal crossing new horizons,100.0,Kyle Animal Crossing
animal crossing new horizons leonardo,503550.0,Leonardo Animal Crossing
leopold animal crossing new horizons,623000.0,Leopold Animal Crossing
lily of the valley animal crossing,1591000.0,Lily Animal Crossing
lily of the valley,1493100.0,Lily Animal Crossing
animal crossing new horizons lily of the valley,339700.0,Lily Animal Crossing
lily of the valley acnh,169950.0,Lily Animal Crossing
red lily animal crossing,142500.0,Lily Animal Crossing
white lily animal crossing,132300.0,Lily Animal Crossing
black lily animal crossing,103300.0,Lily Animal Crossing
yellow lily animal crossing,94750.0,Lily Animal Crossing
how to get lily of the valley animal crossing,93800.0,Lily Animal Crossing
lily of the valley plant animal crossing,85650.0,Lily Animal Crossing
lily from animal crossing,85250.0,Lily Animal Crossing
lily breeding animal crossing,47700.0,Lily Animal Crossing
lilly of the valley,18850.0,Lily Animal Crossing
how often do lily of the valley bloom animal crossing,18800.0,Lily Animal Crossing
animal crossing new horizons,130.0,Lily Animal Crossing
lily animal crossing new horizons,70.0,Lily Animal Crossing
,,Limberg Animal Crossing
lionel animal crossing new horizons,462100.0,Lionel Animal Crossing
lobo animal crossing new horizons,40.0,Lobo Animal Crossing
lolly house animal crossing,226950.0,Lolly Animal Crossing
marshal animal crossing,184300.0,Lolly Animal Crossing
raymond animal crossing,157300.0,Lolly Animal Crossing
rosie animal crossing,113000.0,Lolly Animal Crossing
animal crossing new horizons lolly,80.0,Lolly Animal Crossing
lopez animal crossing new horizons,848900.0,Lopez Animal Crossing
louie animal crossing new horizons,369650.0,Louie Animal Crossing
,,Lucha Animal Crossing
lucky acnh,298200.0,Lucky Animal Crossing
coco animal crossing,164950.0,Lucky Animal Crossing
stitches animal crossing,130750.0,Lucky Animal Crossing
lucky cat animal crossing new horizons,129000.0,Lucky Animal Crossing
lucky from animal crossing,58600.0,Lucky Animal Crossing
nookazon,46900.0,Lucky Animal Crossing
animal crossing new horizons lucky,130.0,Lucky Animal Crossing
,,Lucy Animal Crossing
animal crossing new horizons,300600.0,Lyman Animal Crossing
animal crossing new horizons,550.0,Mac Animal Crossing
mac animal crossing new horizons,200.0,Mac Animal Crossing
animal crossing new horizons maddie,412550.0,Maddie Animal Crossing
maddie acnh,372350.0,Maddie Animal Crossing
audie animal crossing,332100.0,Maddie Animal Crossing
,,Maelle Animal Crossing
,,Maggie Animal Crossing
,,Mallary Animal Crossing
animal crossing new horizons maple,579200.0,Maple Animal Crossing
maple leaf animal crossing,397050.0,Maple Animal Crossing
maple acnh,312250.0,Maple Animal Crossing
maple leaves animal crossing,255750.0,Maple Animal Crossing
how to get maple leaves animal crossing,98950.0,Maple Animal Crossing
maple leaf animal crossing new horizons,98700.0,Maple Animal Crossing
maple diy animal crossing,84200.0,Maple Animal Crossing
maple leaf recipes animal crossing,70550.0,Maple Animal Crossing
how to get maple leaf animal crossing,70300.0,Maple Animal Crossing
nookazon,69950.0,Maple Animal Crossing
how to get maple leaves in animal crossing,56500.0,Maple Animal Crossing
how do you get maple leaves in animal crossing,28250.0,Maple Animal Crossing
marcel animal crossing new horizons,874250.0,Marcel Animal Crossing
marcie animal crossing new horizons,458050.0,Marcie Animal Crossing
,,Margie Animal Crossing
animal crossing new horizons,698900.0,Marina Animal Crossing
marina animal crossing new horizons,694650.0,Marina Animal Crossing
animal crossing villagers,572200.0,Marina Animal Crossing
zucker animal crossing,356250.0,Marina Animal Crossing
marina acnh,310650.0,Marina Animal Crossing
marshal animal crossing,155650.0,Marina Animal Crossing
marina personality animal crossing,125200.0,Marina Animal Crossing
stitches animal crossing,66850.0,Marina Animal Crossing
nookazon,28550.0,Marina Animal Crossing
marshal animal crossing new horizons,642900.0,Marshal Animal Crossing
raymond,572250.0,Marshal Animal Crossing
raymond animal crossing,512200.0,Marshal Animal Crossing
animal crossing villagers,510850.0,Marshal Animal Crossing
marshal amiibo card,220000.0,Marshal Animal Crossing
marshal animal crossing amiibo card,195500.0,Marshal Animal Crossing
marshal house animal crossing,160800.0,Marshal Animal Crossing
sherb animal crossing,107500.0,Marshal Animal Crossing
marshal personality animal crossing,106450.0,Marshal Animal Crossing
gifts for marshal animal crossing,17600.0,Marshal Animal Crossing
animal crossing new horizons,550.0,Marshal Animal Crossing
animal crossing new horizons mathilda,207950.0,Mathilda Animal Crossing
megan animal crossing new horizons,675500.0,Megan Animal Crossing
,,Melba Animal Crossing
animal crossing new horizons,583300.0,Merengue Animal Crossing
merengue animal crossing new horizons,572200.0,Merengue Animal Crossing
merengue animal crossing amiibo,331750.0,Merengue Animal Crossing
merengue acnh,326900.0,Merengue Animal Crossing
merengue animal crossing house,265300.0,Merengue Animal Crossing
zucker animal crossing,145650.0,Merengue Animal Crossing
marshal animal crossing,145550.0,Merengue Animal Crossing
marina animal crossing,145250.0,Merengue Animal Crossing
meringue,131100.0,Merengue Animal Crossing
merengue personality animal crossing,130600.0,Merengue Animal Crossing
merengue amiibo card,119500.0,Merengue Animal Crossing
lolly animal crossing,79500.0,Merengue Animal Crossing
merry animal crossing new horizons,436900.0,Merry Animal Crossing
merry house animal crossing,217350.0,Merry Animal Crossing
merry acnh,197750.0,Merry Animal Crossing
midge animal crossing new horizons,737150.0,Midge Animal Crossing
mint animal crossing new horizons,928100.0,Mint Animal Crossing
mira animal crossing new horizons,640350.0,Mira Animal Crossing
,,Miranda Animal Crossing
,,Mitzi Animal Crossing
,,Moe Animal Crossing
animal crossing new horizons,530000.0,Molly Animal Crossing
molly animal crossing house,179350.0,Molly Animal Crossing
animal crossing new horizons villagers,137150.0,Molly Animal Crossing
tia animal crossing,69200.0,Molly Animal Crossing
melba animal crossing,27300.0,Molly Animal Crossing
molly animal crossing new horizons,100.0,Molly Animal Crossing
animal crossing villagers,90.0,Molly Animal Crossing
monique animal crossing new horizons,334300.0,Monique Animal Crossing
monty animal crossing new horizons,585400.0,Monty Animal Crossing
moose villager animal crossing,355000.0,Moose Animal Crossing
,,Mott Animal Crossing
,,Muffy Animal Crossing
murphy animal crossing new horizons,621950.0,Murphy Animal Crossing
audie animal crossing,154900.0,Murphy Animal Crossing
animal crossing new horizons nan,433900.0,Nan Animal Crossing
,,Nana Animal Crossing
naomi animal crossing new horizons,507850.0,Naomi Animal Crossing
nate animal crossing new horizons,459500.0,Nate Animal Crossing
nibbles animal crossing new horizons,464700.0,Nibbles Animal Crossing
norma animal crossing new horizons,523100.0,Norma Animal Crossing
,,OHare Animal Crossing
octavian animal crossing new horizons,612600.0,Octavian Animal Crossing
octavian acnh,209050.0,Octavian Animal Crossing
marina animal crossing,189800.0,Octavian Animal Crossing
octavian animal crossing house,113950.0,Octavian Animal Crossing
octavian animal crossing ranking,75500.0,Octavian Animal Crossing
olaf animal crossing new horizons,814250.0,Olaf Animal Crossing
olive flounder animal crossing price,973250.0,Olive Animal Crossing
tea olive animal crossing,262150.0,Olive Animal Crossing
orange tea olive animal crossing,18450.0,Olive Animal Crossing
olivia animal crossing new horizons,379600.0,Olivia Animal Crossing
opal animal crossing new horizons,318200.0,Opal Animal Crossing
animal crossing new horizons ozzie,464000.0,Ozzie Animal Crossing
,,Pancetti Animal Crossing
tangy animal crossing,846650.0,Pango Animal Crossing
animal crossing new horizons pango,562550.0,Pango Animal Crossing
,,Paolo Animal Crossing
,,Papi Animal Crossing
pashmina animal crossing new horizons,563750.0,Pashmina Animal Crossing
,,Pate Animal Crossing
animal crossing new horizons patty,466250.0,Patty Animal Crossing
patty animal crossing pocket camp,116650.0,Patty Animal Crossing
paula animal crossing new horizons,511800.0,Paula Animal Crossing
animal crossing new horizons,658450.0,Peaches Animal Crossing
peaches animal crossing new horizons,635000.0,Peaches Animal Crossing
animal crossing how to get peaches,610500.0,Peaches Animal Crossing
how to get peaches in animal crossing,363000.0,Peaches Animal Crossing
how to get peaches animal crossing new horizons,97450.0,Peaches Animal Crossing
how to get peaches in animal crossing new horizons,48200.0,Peaches Animal Crossing
peanut animal crossing new horizons,404250.0,Peanut Animal Crossing
,,Pecan Animal Crossing
,,Peck Animal Crossing
,,Peewee Animal Crossing
peggy animal crossing new horizons,665400.0,Peggy Animal Crossing
pekoe animal crossing new horizons,391000.0,Pekoe Animal Crossing
pekoe animal crossing house,321150.0,Pekoe Animal Crossing
penelope animal crossing new horizons,223950.0,Penelope Animal Crossing
animal crossing new horizons,544600.0,Phil Animal Crossing
phil animal crossing new horizons,447100.0,Phil Animal Crossing
animal crossing new horizons phoebe,643600.0,Phoebe Animal Crossing
phoebe house animal crossing,310450.0,Phoebe Animal Crossing
,,Pierce Animal Crossing
pietro animal crossing new horizons,313050.0,Pietro Animal Crossing
pietro animal crossing house,163650.0,Pietro Animal Crossing
muffy animal crossing,124650.0,Pietro Animal Crossing
pinky animal crossing new horizons,451400.0,Pinky Animal Crossing
piper animal crossing new horizons,652900.0,Piper Animal Crossing
poppy animal crossing,865800.0,Pippy Animal Crossing
plucky animal crossing new horizons,539100.0,Plucky Animal Crossing
,,Pompom Animal Crossing
animal crossing new horizons poncho,521900.0,Poncho Animal Crossing
poppy animal crossing new horizons,658800.0,Poppy Animal Crossing
portia animal crossing new horizons,589500.0,Portia Animal Crossing
animal crossing new horizons,665250.0,Prince Animal Crossing
prince animal crossing new horizons,592200.0,Prince Animal Crossing
,,Puck Animal Crossing
puddles animal crossing new horizons,539450.0,Puddles Animal Crossing
pudge animal crossing new horizons,230000.0,Pudge Animal Crossing
punchy animal crossing new horizons,270700.0,Punchy Animal Crossing
bob animal crossing,115900.0,Punchy Animal Crossing
purrl animal crossing new horizons,224050.0,Purrl Animal Crossing
,,Queenie Animal Crossing
,,Quillson Animal Crossing
,,Raddle Animal Crossing
,,Rasher Animal Crossing
raymond animal crossing new horizons,873050.0,Raymond Animal Crossing
animal crossing new horizons,848350.0,Raymond Animal Crossing
raymond animal crossing amiibo,735250.0,Raymond Animal Crossing
raymond amiibo,692250.0,Raymond Animal Crossing
animal crossing amiibo,689250.0,Raymond Animal Crossing
animal crossing villagers,581600.0,Raymond Animal Crossing
marshal animal crossing,367250.0,Raymond Animal Crossing
how to get raymond animal crossing,334000.0,Raymond Animal Crossing
raymond acnh,296450.0,Raymond Animal Crossing
raymond amiibo card,247550.0,Raymond Animal Crossing
animal crossing new horizons villagers,225350.0,Raymond Animal Crossing
judy animal crossing,154450.0,Raymond Animal Crossing
animal crossing amiibo cards,146700.0,Raymond Animal Crossing
how to get raymond in animal crossing,136600.0,Raymond Animal Crossing
how to get raymond animal crossing new horizons,127300.0,Raymond Animal Crossing
raymond animal crossing new horizon,116950.0,Raymond Animal Crossing
animal crossing raymond maid,112700.0,Raymond Animal Crossing
animal crossing characters,110900.0,Raymond Animal Crossing
stitches animal crossing,94350.0,Raymond Animal Crossing
raymond animal crossing house,93600.0,Raymond Animal Crossing
raymond personality animal crossing,69900.0,Raymond Animal Crossing
sherb animal crossing,69350.0,Raymond Animal Crossing
ebay raymond animal crossing,63700.0,Raymond Animal Crossing
nookazon,62950.0,Raymond Animal Crossing
ankha animal crossing,58600.0,Raymond Animal Crossing
,,Ren√©e Animal Crossing
reneigh animal crossing new horizons,937100.0,Reneigh Animal Crossing
reneigh animal crossing house,241450.0,Reneigh Animal Crossing
animal crossing new horizons,742800.0,Rex Animal Crossing
rex animal crossing new horizons,604950.0,Rex Animal Crossing
t rex fossil animal crossing,54750.0,Rex Animal Crossing
animal crossing new horizons rhonda,601750.0,Rhonda Animal Crossing
,,Ribbot Animal Crossing
ricky animal crossing new horizons,86300.0,Ricky Animal Crossing
,,Rizzo Animal Crossing
roald animal crossing new horizons,427400.0,Roald Animal Crossing
roald acnh,262150.0,Roald Animal Crossing
roald house animal crossing,130300.0,Roald Animal Crossing
roald animal crossing meme,48650.0,Roald Animal Crossing
robin animal crossing pocket camp,71250.0,Robin Animal Crossing
rocco animal crossing new horizons,424300.0,Rocco Animal Crossing
rocket recipe animal crossing,236450.0,Rocket Animal Crossing
rocket diy animal crossing,145900.0,Rocket Animal Crossing
how to get a rocket in animal crossing,127500.0,Rocket Animal Crossing
animal crossing new horizons rocket,120.0,Rocket Animal Crossing
animal crossing new horizons,80.0,Rocket Animal Crossing
rod animal crossing new horizons,842900.0,Rod Animal Crossing
fishing rod animal crossing new horizons,738150.0,Rod Animal Crossing
outdoorsy fishing rod,140250.0,Rod Animal Crossing
outdoorsy fishing rod animal crossing,138300.0,Rod Animal Crossing
colorful fishing rod animal crossing,121600.0,Rod Animal Crossing
how to use fishing rod in animal crossing,87450.0,Rod Animal Crossing
rodeo animal crossing new horizons,692500.0,Rodeo Animal Crossing
,,Rodney Animal Crossing
,,Rolf Animal Crossing
,,Rooney Animal Crossing
,,Rory Animal Crossing
roscoe animal crossing new horizons,422250.0,Roscoe Animal Crossing
rosie from animal crossing,137100.0,Rosie Animal Crossing
lolly animal crossing,91250.0,Rosie Animal Crossing
rosie personality animal crossing,91200.0,Rosie Animal Crossing
rosie animal crossing new horizons,400.0,Rosie Animal Crossing
,,Rowan Animal Crossing
ruby animal crossing new horizons,397300.0,Ruby Animal Crossing
rudy animal crossing new horizons,347500.0,Rudy Animal Crossing
ruby animal crossing,34550.0,Rudy Animal Crossing
sally animal crossing new horizons,666950.0,Sally Animal Crossing
,,Samson Animal Crossing
sandy beach flooring animal crossing,230050.0,Sandy Animal Crossing
,,Savannah Animal Crossing
scoot animal crossing new horizons,100.0,Scoot Animal Crossing
shari animal crossing new horizons,496200.0,Shari Animal Crossing
,,Sheldon Animal Crossing
shep animal crossing new horizons,737900.0,Shep Animal Crossing
animal crossing new horizons sherb,618900.0,Sherb Animal Crossing
sherb acnh,449950.0,Sherb Animal Crossing
raymond animal crossing,193500.0,Sherb Animal Crossing
sherb house animal crossing,156600.0,Sherb Animal Crossing
judy animal crossing,120750.0,Sherb Animal Crossing
sherb amiibo card,72300.0,Sherb Animal Crossing
zucker animal crossing,71750.0,Sherb Animal Crossing
,,Simon Animal Crossing
skye animal crossing new horizons,601550.0,Skye Animal Crossing
animal crossing new horizons,484000.0,Skye Animal Crossing
skye animal crossing house,261800.0,Skye Animal Crossing
skye personality animal crossing,80000.0,Skye Animal Crossing
sly animal crossing new horizons,524200.0,Sly Animal Crossing
,,Snake Animal Crossing
smug villagers animal crossing,273450.0,Snooty Animal Crossing
diana animal crossing,48100.0,Snooty Animal Crossing
snooty villagers,110.0,Snooty Animal Crossing
snooty villagers animal crossing,100.0,Snooty Animal Crossing
soleil animal crossing new horizons,727550.0,Soleil Animal Crossing
sparro animal crossing new horizons,956100.0,Sparro Animal Crossing
spike animal crossing new horizons,581700.0,Spike Animal Crossing
large spike animal crossing,136000.0,Spike Animal Crossing
,,Spork Animal Crossing
animal crossing new horizons sprinkle,491950.0,Sprinkle Animal Crossing
sprinkle house animal crossing,273450.0,Sprinkle Animal Crossing
,,Sprocket Animal Crossing
static animal crossing new horizons,470800.0,Static Animal Crossing
,,Stella Animal Crossing
sterling animal crossing new horizons,421350.0,Sterling Animal Crossing
,,Stinky Animal Crossing
animal crossing new horizons,488650.0,Stitches Animal Crossing
stitches animal crossing new horizons,488600.0,Stitches Animal Crossing
stitches house animal crossing,231350.0,Stitches Animal Crossing
raymond animal crossing,184650.0,Stitches Animal Crossing
stitches acnh,184550.0,Stitches Animal Crossing
stitches personality animal crossing,104850.0,Stitches Animal Crossing
judy animal crossing,104250.0,Stitches Animal Crossing
stitches amiibo card,91900.0,Stitches Animal Crossing
coco animal crossing,91900.0,Stitches Animal Crossing
lolly animal crossing,45950.0,Stitches Animal Crossing
stu animal crossing new horizons,574650.0,Stu Animal Crossing
sydney animal crossing new horizons,422500.0,Sydney Animal Crossing
sylvana animal crossing new horizons,464700.0,Sylvana Animal Crossing
sylvia animal crossing new horizons,586600.0,Sylvia Animal Crossing
,,T-Bone Animal Crossing
tabby animal crossing new horizons,382500.0,Tabby Animal Crossing
,,Tad Animal Crossing
,,Tammi Animal Crossing
animal crossing new horizons tammy,750500.0,Tammy Animal Crossing
tammi animal crossing,486200.0,Tammy Animal Crossing
pango,448350.0,Tangy Animal Crossing
tangy animal crossing new horizons,70.0,Tangy Animal Crossing
animal crossing new horizons,745700.0,Tank Animal Crossing
tank animal crossing new horizons,592450.0,Tank Animal Crossing
animal crossing new horizons tasha,579450.0,Tasha Animal Crossing
animal crossing new horizons,547600.0,Teddy Animal Crossing
animal crossing new horizons teddy,546350.0,Teddy Animal Crossing
animal crossing teddy bear,502300.0,Teddy Animal Crossing
giant teddy bear animal crossing,203500.0,Teddy Animal Crossing
tex animal crossing new horizons,401700.0,Tex Animal Crossing
tia animal crossing new horizons,578600.0,Tia Animal Crossing
tia from animal crossing,57250.0,Tia Animal Crossing
nookazon,56950.0,Tia Animal Crossing
animal crossing new horizons tiffany,507400.0,Tiffany Animal Crossing
,,Timbra Animal Crossing
tipper animal crossing new horizons,430200.0,Tipper Animal Crossing
how to get a shovel in animal crossing,44500.0,Tom Animal Crossing
animal crossing new horizons,750.0,Tom Animal Crossing
tom animal crossing new horizons,450.0,Tom Animal Crossing
isabelle animal crossing,70.0,Tom Animal Crossing
tom nook,40.0,Tom Animal Crossing
truffles animal crossing new horizons,364850.0,Truffles Animal Crossing
tucker animal crossing new horizons,489450.0,Tucker Animal Crossing
,,Tutu Animal Crossing
twiggy animal crossing new horizons,445000.0,Twiggy Animal Crossing
,,Tybalt Animal Crossing
,,Ursala Animal Crossing
velma animal crossing new horizons,399400.0,Velma Animal Crossing
,,Vesta Animal Crossing
vic animal crossing new horizons,706100.0,Vic Animal Crossing
victoria animal crossing new horizons,618500.0,Victoria Animal Crossing
victoria secret,163100.0,Victoria Animal Crossing
violet evergarden,107900.0,Violet Animal Crossing
vivian animal crossing new horizons,458750.0,Vivian Animal Crossing
,,Vladimir Animal Crossing
animal crossing new horizons wade,185500.0,Wade Animal Crossing
animal crossing walker cicada,182150.0,Walker Animal Crossing
walt animal crossing new horizons,525300.0,Walt Animal Crossing
,,Wart Jr. Animal Crossing
animal crossing new horizons weber,311250.0,Weber Animal Crossing
animal crossing new horizons,310850.0,Weber Animal Crossing
wendy animal crossing new horizons,587900.0,Wendy Animal Crossing
animal crossing new horizons whitney,50.0,Whitney Animal Crossing
willow animal crossing new horizons,179200.0,Willow Animal Crossing
winnie animal crossing new horizons,396250.0,Winnie Animal Crossing
wolfgang animal crossing new horizons,470000.0,Wolfgang Animal Crossing
yuka animal crossing new horizons,445050.0,Yuka Animal Crossing
zell animal crossing new horizons,641000.0,Zell Animal Crossing
animal crossing new horizons zucker,478150.0,Zucker Animal Crossing
marina animal crossing,282050.0,Zucker Animal Crossing
raymond animal crossing,203350.0,Zucker Animal Crossing
zucker house animal crossing,168150.0,Zucker Animal Crossing
animal crossing new horizons villagers,136000.0,Zucker Animal Crossing
octavian animal crossing,123650.0,Zucker Animal Crossing
what is zucker animal crossing,89900.0,Zucker Animal Crossing
zucker amiibo card,78900.0,Zucker Animal Crossing
